<Extensions><Version>1.8</Version><Panel>
    <Order>10</Order>
    <PanelId>lineselect</PanelId>
    <Origin>local</Origin>
    <Type>Never</Type>
    <Icon>Lightbulb</Icon>
    <Name>&#33150;&#35759;&#32447;&#36335;&#36873;&#25321;</Name>
    <ActivityType>Custom</ActivityType>
    <Page>
      <Name>&#36873;&#25321;&#23601;&#36817;&#20837;&#21475;-&#26412;&#26381;&#21153;&#30001;&#20250;&#31859;&#25552;&#20379;</Name>
      <Row>
        <Name>&#32447;&#36335;&#19968;</Name>
        <Widget>
          <WidgetId>line_one</WidgetId>
          <Name>&#21271;&#20140;</Name>
          <Type>Button</Type>
          <Options>size=4</Options>
        </Widget>
      </Row>
      <Row>
        <Name>&#32447;&#36335;&#20108;</Name>
        <Widget>
          <WidgetId>line_two</WidgetId>
          <Name>&#24191;&#24030;</Name>
          <Type>Button</Type>
          <Options>size=4</Options>
        </Widget>
      </Row>
      <Row>
        <Name>&#32447;&#36335;&#19977;</Name>
        <Widget>
          <WidgetId>line_three</WidgetId>
          <Name>&#20013;&#22269;&#39321;&#28207;</Name>
          <Type>Button</Type>
          <Options>size=4</Options>
        </Widget>
      </Row>
      <Options>hideRowNames=1</Options>
    </Page>
  </Panel>
  </Extensions>