<Extensions><Version>1.8</Version><Panel>
    <Order>12</Order>
    <PanelId>timepanel</PanelId>
    <Origin>local</Origin>
    <Type>Never</Type>
    <Icon>Lightbulb</Icon>
    <Name>&#20250;&#35758;&#26102;&#38271;</Name>
    <ActivityType>Custom</ActivityType>
    <Page>
      <Name>&#36873;&#25321;&#20250;&#35758;&#26102;&#38271;</Name>
      <Row>
        <Name>Row</Name>
        <Widget>
          <WidgetId>Minute30</WidgetId>
          <Name>30&#20998;&#38047;</Name>
          <Type>Button</Type>
          <Options>size=2</Options>
        </Widget>
        <Widget>
          <WidgetId>Hour2</WidgetId>
          <Name>1&#23567;&#26102;</Name>
          <Type>Button</Type>
          <Options>size=2</Options>
        </Widget>
      </Row>
      <Row>
        <Name>Row</Name>
        <Widget>
          <WidgetId>Hour4</WidgetId>
          <Name>4&#23567;&#26102;</Name>
          <Type>Button</Type>
          <Options>size=2</Options>
        </Widget>
        <Widget>
          <WidgetId>Hour8</WidgetId>
          <Name>8&#23567;&#26102;</Name>
          <Type>Button</Type>
          <Options>size=2</Options>
        </Widget>
      </Row>
      <Options>hideRowNames=1</Options>
    </Page>
  </Panel>
</Extensions>