<Extensions><Version>1.8</Version><Panel>
    <Order>11</Order>
    <PanelId>zoomline</PanelId>
    <Origin>local</Origin>
    <Type>Never</Type>
    <Icon>Lightbulb</Icon>
    <Name>Zoom&#32447;&#36335;&#36873;&#25321;</Name>
    <ActivityType>Custom</ActivityType>
    <Page>
      <Name>&#36873;&#25321;&#23601;&#36817;&#20837;&#21475;-&#26412;&#26381;&#21153;&#30001;&#20250;&#31859;&#25552;&#20379;</Name>
      <Row>
        <Name>Row</Name>
        <Widget>
          <WidgetId>Tokyo</WidgetId>
          <Name>&#26085;&#26412;&#19996;&#20140;</Name>
          <Type>Button</Type>
          <Options>size=4</Options>
        </Widget>
      </Row>
      <Row>
        <Name>Row</Name>
        <Widget>
          <WidgetId>Osaka</WidgetId>
          <Name>&#26085;&#26412;&#22823;&#38442;</Name>
          <Type>Button</Type>
          <Options>size=4</Options>
        </Widget>
      </Row>
      <Row>
        <Name>Row</Name>
        <Widget>
          <WidgetId>Singapore</WidgetId>
          <Name>&#26032;&#21152;&#22369;</Name>
          <Type>Button</Type>
          <Options>size=4</Options>
        </Widget>
      </Row>
      <Row>
        <Name>Row</Name>
        <Widget>
          <WidgetId>Eastern</WidgetId>
          <Name>&#32654;&#22269;&#19996;&#37096;</Name>
          <Type>Button</Type>
          <Options>size=4</Options>
        </Widget>
      </Row>
      <Row>
        <Name>Row</Name>
        <Widget>
          <WidgetId>Germany</WidgetId>
          <Name>&#24503;&#22269;</Name>
          <Type>Button</Type>
          <Options>size=4</Options>
        </Widget>
      </Row>
      <Options>hideRowNames=1</Options>
    </Page>
  </Panel>
  </Extensions>